ลำดับ,รหัสข้อ,หมวด/ด้าน,ระดับ,รายการข้อคำถาม,+1,0,-1,ข้อเสนอแนะ/ข้อคิดเห็นเพิ่มเติม
1,1,ส่วนที่ 1 ข้อมูลทั่วไปของผู้เชี่ยวชาญ,หลัก,"เพศ (ชาย / หญิง)",,,,
2,2,ส่วนที่ 1 ข้อมูลทั่วไปของผู้เชี่ยวชาญ,หลัก,"อายุ (ต่ำกว่า 35 ปี / 35-45 ปี / 46-55 ปี / มากกว่า 55 ปี)",,,,
3,3,ส่วนที่ 1 ข้อมูลทั่วไปของผู้เชี่ยวชาญ,หลัก,"วุฒิการศึกษา (ต่ำกว่าปริญญาตรี / ปริญญาตรี / ปริญญาโท / ปริญญาเอก)",,,,
4,4,ส่วนที่ 1 ข้อมูลทั่วไปของผู้เชี่ยวชาญ,หลัก,"ตำแหน่งปัจจุบัน",,,,
5,5,ส่วนที่ 1 ข้อมูลทั่วไปของผู้เชี่ยวชาญ,หลัก,"ประสบการณ์ในการทำงาน (3-5 ปี / 6-10 ปี / 11-15 ปี / 15 ปีขึ้นไป)",,,,
6,6,ส่วนที่ 1 ข้อมูลทั่วไปของผู้เชี่ยวชาญ,หลัก,"ประเภทหน่วยงาน (หน่วยงานราชการ/องค์กรของรัฐ/รัฐวิสาหกิจ, บริษัทเอกชน) พร้อมระบุชื่อหน่วยงาน",,,,
7,P1,ด้านที่ 1 การวางแผน (Planning: P),หลัก,"โรงงานมีการวางแผนกลยุทธ์ด้านโลจิสติกส์และห่วงโซ่อุปทานของโรงงานคัดแยกขยะชุมชน ทั้งระยะสั้นและระยะยาว",,,,
8,P1.1,ด้านที่ 1 การวางแผน (Planning: P),ย่อย,"ผู้บริหารต้องมีวิสัยทัศน์และความมุ่งมั่นผลักดันกลยุทธ์อย่างจริงจัง เป็นปัจจัยภายในที่สำคัญที่สุดต่อความสำเร็จของการวางแผนเชิงกลยุทธ์ (ผู้เชี่ยวชาญ 1, 5)",,,,
9,P1.2,ด้านที่ 1 การวางแผน (Planning: P),ย่อย,"การวางกลยุทธ์ต้องบูรณาการ 3 องค์ประกอบไปพร้อมกัน คือ คน กระบวนการ และเทคโนโลยี เนื่องจากขาดองค์ประกอบใดองค์ประกอบหนึ่งจะทำให้กลยุทธ์ไม่สำเร็จ (ผู้เชี่ยวชาญ 2)",,,,
10,P1.3,ด้านที่ 1 การวางแผน (Planning: P),ย่อย,"กลยุทธ์ระยะยาวต้องคำนึงถึงปัจจัยภายนอกที่ควบคุมไม่ได้ เช่น นโยบายภาครัฐ ราคาตลาดวัสดุรีไซเคิลที่ผันผวน และความร่วมมือของชุมชนต้นทาง (ผู้เชี่ยวชาญ 1, 2, 4)",,,,
11,P2,ด้านที่ 1 การวางแผน (Planning: P),หลัก,"โรงงานมีการวางแผนการรวบรวม ขนส่ง คัดแยก และส่งต่อวัสดุรีไซเคิลตลอดห่วงโซ่อุปทานจากต้นน้ำถึงปลายน้ำ",,,,
12,P2.1,ด้านที่ 1 การวางแผน (Planning: P),ย่อย,"การวางแผนเส้นทางรับ-ขนส่งวัสดุยังไม่เป็นระบบ รถวิ่งไม่เต็มประสิทธิภาพเนื่องจากจุดรับกระจายตัวห่างกัน ควรวางแผนเส้นทางและตารางเวลาล่วงหน้าให้รถวนรับวัสดุในพื้นที่ใกล้เคียงกัน (ผู้เชี่ยวชาญ 1, 2)",,,,
13,P2.2,ด้านที่ 1 การวางแผน (Planning: P),ย่อย,"จุดตรวจรับและจุดชั่งน้ำหนักเป็นคอขวดสำคัญในกระบวนการ ทำให้รถต้องรอคิวนานและเกิดต้นทุนแฝง ควรปรับผังโรงงานและเพิ่มจุดรับให้เพียงพอ (ผู้เชี่ยวชาญ 3)",,,,
14,P2.3,ด้านที่ 1 การวางแผน (Planning: P),ย่อย,"การวางแผนพื้นที่จัดเก็บและระบบคลังสินค้ายังไม่เป็นระบบเข้าก่อนออกก่อน (FIFO) ทำให้วัสดุบางส่วนตกค้างนานจนเสื่อมคุณภาพ (ผู้เชี่ยวชาญ 1, 2)",,,,
15,P3,ด้านที่ 1 การวางแผน (Planning: P),หลัก,"โรงงานมีการวางแผนจัดสรรทรัพยากรองค์กร (5M) ได้แก่ บุคลากร งบประมาณ วัสดุ เครื่องจักร และการจัดการ เพื่อสนับสนุนระบบโลจิสติกส์",,,,
16,P3.1,ด้านที่ 1 การวางแผน (Planning: P),ย่อย,"ควรวางแผนพัฒนาทักษะเฉพาะด้านให้แรงงาน และวางระบบสื่อสารที่เข้าใจง่ายสำหรับแรงงานต่างด้าว เพื่อลดความผิดพลาดในการปฏิบัติงาน",,,,
17,P3.2,ด้านที่ 1 การวางแผน (Planning: P),ย่อย,"ควรวางแผนอัตรากำลังสำรองล่วงหน้าในช่วงเทศกาล เพื่อรองรับการขาดแคลนบุคลากรกะทันหันที่กระทบความต่อเนื่องของสายการผลิต",,,,
18,P3.3,ด้านที่ 1 การวางแผน (Planning: P),ย่อย,"ควรวางแผนสร้างความเข้าใจภาพรวมของห่วงโซ่อุปทานให้บุคลากรทุกฝ่าย เพื่อลดการต่อต้านการเปลี่ยนแปลงและเสริมความร่วมมือระหว่างฝ่าย",,,,
19,P3.4,ด้านที่ 1 การวางแผน (Planning: P),ย่อย,"ควรวางแผนควบคุมต้นทุนโลจิสติกส์และพลังงานที่ผันผวน โดยเฉพาะต้นทุนขนส่งจากเส้นทางที่ไม่มีประสิทธิภาพ",,,,
20,P3.5,ด้านที่ 1 การวางแผน (Planning: P),ย่อย,"ควรวางแผนบริหารสภาพคล่องทางการเงินให้สอดคล้องกับรอบรับ-จ่ายเงิน และวางแผนสำรองต้นทุนที่ไม่คาดคิด เช่น ค่าซ่อมบำรุงฉุกเฉิน ค่าปรับด้านสิ่งแวดล้อม",,,,
21,P3.6,ด้านที่ 1 การวางแผน (Planning: P),ย่อย,"ควรวางแผนบันทึกต้นทุนแฝงที่มักถูกมองข้าม เช่น ต้นทุนพื้นที่จัดเก็บและต้นทุนเวลาที่สูญเสียจากกระบวนการไม่มีประสิทธิภาพ",,,,
22,P3.7,ด้านที่ 1 การวางแผน (Planning: P),ย่อย,"ควรวางแผนกำหนดเกณฑ์ตรวจรับวัตถุดิบที่ชัดเจน เพื่อรองรับคุณภาพและปริมาณวัตถุดิบที่ไม่สม่ำเสมอทั้งรายวันและตามฤดูกาล",,,,
23,P3.8,ด้านที่ 1 การวางแผน (Planning: P),ย่อย,"ควรวางแผนระบบจัดเกรดซัพพลายเออร์และจุดคัดแยกวัสดุปนเปื้อนอันตราย เพื่อควบคุมคุณภาพวัตถุดิบจากแต่ละแหล่ง",,,,
24,P3.9,ด้านที่ 1 การวางแผน (Planning: P),ย่อย,"ควรวางแผนบริหารความผันผวนของราคาตลาดวัสดุรีไซเคิล และมาตรฐานการจัดเก็บวัสดุระหว่างรอส่งออกเพื่อป้องกันการเสื่อมคุณภาพ",,,,
25,P3.10,ด้านที่ 1 การวางแผน (Planning: P),ย่อย,"ควรวางแผนบำรุงรักษาเชิงป้องกัน (Preventive Maintenance) และระบบตรวจสอบสภาพเครื่องจักรล่วงหน้า",,,,
26,P3.11,ด้านที่ 1 การวางแผน (Planning: P),ย่อย,"ควรวางแผนทดแทนเครื่องจักรเก่าและสำรองอะไหล่สำคัญล่วงหน้า โดยเฉพาะรายการที่ต้องสั่งจากต่างประเทศและใช้เวลานาน",,,,
27,P3.12,ด้านที่ 1 การวางแผน (Planning: P),ย่อย,"ควรวางแผนนำระบบอัตโนมัติและระบบดิจิทัลบันทึกข้อมูลการผลิตมาใช้ เพื่อลดปัญหาผลผลิตต่ำและคอขวดในกระบวนการ",,,,
28,P3.13,ด้านที่ 1 การวางแผน (Planning: P),ย่อย,"ควรวางแผนการผลิตล่วงหน้าอย่างเป็นระบบและวางแผนประสานงานระหว่างฝ่าย เพื่อให้รับมือสถานการณ์ฉุกเฉินได้ดีกว่าการวางแผนแบบวันต่อวัน",,,,
29,P4,ด้านที่ 1 การวางแผน (Planning: P),หลัก,"โรงงานมีการวางแผนบูรณาการเทคโนโลยีดิจิทัล เช่น IoT และ Big Data มาสนับสนุนการบริหารโลจิสติกส์และการไหลของข้อมูลตลอดห่วงโซ่อุปทาน",,,,
30,P4.1,ด้านที่ 1 การวางแผน (Planning: P),ย่อย,"ควรเริ่มวางแผนจากระบบบันทึกและติดตามข้อมูลพื้นฐานก่อน เช่น การรับ-จ่ายวัสดุ ก่อนขยายสู่ระบบที่ซับซ้อนขึ้น เนื่องจากหลายโรงงานยังไม่มีข้อมูลพื้นฐานพร้อมสำหรับเทคโนโลยีขั้นสูง (ผู้เชี่ยวชาญ 6, 18)",,,,
31,P4.2,ด้านที่ 1 การวางแผน (Planning: P),ย่อย,"ควรวางแผนเลือกใช้ระบบสำเร็จรูปที่ปรับแต่งได้ (Configurable) หรือแพลตฟอร์มบนคลาวด์ แทนการพัฒนาระบบขึ้นใหม่ทั้งหมด เพื่อประหยัดต้นทุนและระยะเวลาติดตั้งใช้งาน (ผู้เชี่ยวชาญ 4, 16)",,,,
32,P4.3,ด้านที่ 1 การวางแผน (Planning: P),ย่อย,"การวางแผนด้านเทคโนโลยีดิจิทัลต้องควบคู่กับแผนพัฒนาทักษะบุคลากรและได้รับการสนับสนุนจากผู้บริหาร เนื่องจากอุปสรรคสำคัญคือเรื่องคนมากกว่าตัวเทคโนโลยีเอง (ผู้เชี่ยวชาญ 1, 5, 19, 21)",,,,
33,P5,ด้านที่ 1 การวางแผน (Planning: P),หลัก,"โรงงานมีการวางแผนระบบความปลอดภัยและสิ่งแวดล้อมตามมาตรฐาน สอดคล้องกับหลัก Green Supply Chain Management (GSCM)",,,,
34,P5.1,ด้านที่ 1 การวางแผน (Planning: P),ย่อย,"ควรเริ่มวางแผนวัดผลด้านสิ่งแวดล้อมจากตัวชี้วัดพื้นฐานที่ทำได้ทันที เช่น ปริมาณวัสดุที่นำกลับมาใช้ประโยชน์ต่อเดือน หรือปริมาณที่ลดการฝังกลบได้ โดยไม่จำเป็นต้องลงทุนสูงในช่วงเริ่มต้น (ผู้เชี่ยวชาญ 1)",,,,
35,P5.2,ด้านที่ 1 การวางแผน (Planning: P),ย่อย,"ควรวางแผนติดตามและบันทึกข้อมูลด้านสิ่งแวดล้อมอย่างเป็นระบบ เช่น ปริมาณการปล่อยมลพิษ การใช้น้ำต่อเดือน และวิธีการกำจัดของเสียอันตราย เพื่อรองรับการรายงานตามกรอบ SDG (ผู้เชี่ยวชาญ 2)",,,,
36,P5.3,ด้านที่ 1 การวางแผน (Planning: P),ย่อย,"ควรวางแผนลดการสูญเสียวัสดุในกระบวนการและหาช่องทางนำวัสดุที่เคยทิ้งกลับมาสร้างมูลค่า ซึ่งดำเนินการได้ทันทีโดยไม่ต้องรอนโยบายจากภายนอก (ผู้เชี่ยวชาญ 3)",,,,
37,P6,ด้านที่ 1 การวางแผน (Planning: P),หลัก,"โรงงานมีการวางแผนสร้างเครือข่ายความร่วมมือกับผู้มีส่วนได้ส่วนเสียตลอดห่วงโซ่อุปทาน ทั้งภาครัฐ ชุมชน ผู้ให้บริการโลจิสติกส์ภายนอก และผู้ประกอบการปลายน้ำ",,,,
38,P6.1,ด้านที่ 1 การวางแผน (Planning: P),ย่อย,"ควรวางแผนสร้างความร่วมมือกับชุมชนต้นทางอย่างเป็นระบบ เนื่องจากชุมชนเป็นแหล่งวัตถุดิบหลัก หากได้รับความร่วมมือคัดแยกขยะตั้งแต่ต้นทาง จะทำให้วัตถุดิบมีคุณภาพดีขึ้นและลดต้นทุนการคัดแยกที่โรงงาน (ผู้เชี่ยวชาญ 1, 2, 4, 5)",,,,
39,P6.2,ด้านที่ 1 การวางแผน (Planning: P),ย่อย,"ควรวางแผนประสานความร่วมมือกับหน่วยงานภาครัฐและองค์กรปกครองส่วนท้องถิ่นอย่างต่อเนื่อง เนื่องจากนโยบายและการสนับสนุนจากภาครัฐเป็นปัจจัยภายนอกที่ส่งผลต่อความสำเร็จมากที่สุด (ผู้เชี่ยวชาญ 1, 2, 5)",,,,
40,P6.3,ด้านที่ 1 การวางแผน (Planning: P),ย่อย,"ควรวางแผนสร้างเครือข่ายกับผู้ประกอบการปลายน้ำและพันธมิตรในห่วงโซ่อุปทาน เนื่องจากการเชื่อมโยงกับทุกภาคส่วน ไม่ใช่การดำเนินงานเพียงลำพัง เป็นเงื่อนไขสำคัญที่ทำให้แนวคิดความยั่งยืนเกิดผลจริง (ผู้เชี่ยวชาญ 2, 15, 21)",,,,
41,P7,ด้านที่ 1 การวางแผน (Planning: P),หลัก,"โรงงานมีการวางแผนพัฒนาองค์กรให้สอดคล้องกับแนวคิดเศรษฐกิจหมุนเวียน (Circular Economy) และ BCG Economy Model",,,,
42,P7.1,ด้านที่ 1 การวางแผน (Planning: P),ย่อย,"ควรแปลงกรอบแนวคิดเศรษฐกิจหมุนเวียนให้เป็นตัวชี้วัดที่วัดผลได้จริงในระดับโรงงาน เช่น สัดส่วนวัสดุที่นำกลับมาใช้ประโยชน์ได้ต่อเดือน พร้อมพัฒนาระบบรายงานผลที่เรียบง่ายและเหมาะกับบริบทโรงงานขนาดกลางถึงเล็ก (ผู้เชี่ยวชาญ 5, 6, 10, 16)",,,,
43,P7.2,ด้านที่ 1 การวางแผน (Planning: P),ย่อย,"ควรวางแผนจัดเส้นทางของวัสดุตั้งแต่ต้นให้ชัดเจนว่าส่วนใดนำกลับมาใช้ได้โดยตรง ส่วนใดต้องรีไซเคิล และส่วนใดต้องกำจัด เพื่อเพิ่มมูลค่าสูงสุดจากวัสดุที่รับเข้ามา (ผู้เชี่ยวชาญ 3, 8, 13, 18, 20)",,,,
44,P7.3,ด้านที่ 1 การวางแผน (Planning: P),ย่อย,"การขับเคลื่อนเศรษฐกิจหมุนเวียนต้องวางแผนเชื่อมโยงความร่วมมือกับทุกภาคส่วนในห่วงโซ่อุปทาน ทั้งชุมชนต้นทาง ลูกค้าปลายน้ำ และนโยบายภาครัฐ โดยมีข้อมูลที่เชื่อถือได้เป็นพื้นฐานในการปรับปรุง (ผู้เชี่ยวชาญ 2, 9, 14, 15, 17, 21)",,,,
45,P8,ด้านที่ 1 การวางแผน (Planning: P),หลัก,"โรงงานมีการวางแผนการตลาดและการเชื่อมโยงกับผู้ประกอบการรีไซเคิลปลายน้ำ",,,,
46,P8.1,ด้านที่ 1 การวางแผน (Planning: P),ย่อย,"ควรวางแผนพัฒนาระบบรับฟังความคิดเห็น (Feedback) จากลูกค้าปลายน้ำอย่างเป็นทางการ เนื่องจากโรงงานส่วนใหญ่ยังไม่ทราบว่าลูกค้าปลายน้ำพึงพอใจกับคุณภาพวัสดุที่ส่งไปหรือไม่ (ผู้เชี่ยวชาญ 8)",,,,
47,P8.2,ด้านที่ 1 การวางแผน (Planning: P),ย่อย,"ควรวางแผนรวมกลุ่มกับโรงงานคัดแยกขยะชุมชนอื่นเพื่อแลกเปลี่ยนข้อมูลและร่วมเจรจาต่อรองราคากับลูกค้าปลายน้ำ ซึ่งจะช่วยเพิ่มอำนาจต่อรองของโรงงานขนาดเล็ก (ผู้เชี่ยวชาญ 9)",,,,
48,P8.3,ด้านที่ 1 การวางแผน (Planning: P),ย่อย,"ควรวางแผนใช้ประโยชน์จากเที่ยวรถขนส่งที่วิ่งไปยังลูกค้าปลายน้ำ โดยหาสินค้าหรือวัตถุดิบขากลับ แทนที่จะปล่อยให้รถวิ่งเที่ยวเปล่า เพื่อลดต้นทุนการขนส่งโดยรวม (ผู้เชี่ยวชาญ 10)",,,,
49,P9,ด้านที่ 1 การวางแผน (Planning: P),หลัก,"โรงงานมีการวางแผนพยากรณ์ความต้องการและปริมาณวัสดุรีไซเคิล (Demand Forecasting) เพื่อรองรับความผันผวนของห่วงโซ่อุปทาน",,,,
50,P9.1,ด้านที่ 1 การวางแผน (Planning: P),ย่อย,"ควรจัดทำข้อตกลงกับชุมชนต้นทางให้แจ้งปริมาณขยะล่วงหน้าในแต่ละสัปดาห์ เพื่อใช้เป็นข้อมูลพื้นฐานในการวางแผนกำลังคนและเครื่องจักรให้สอดคล้องกับปริมาณที่จะเข้ามาจริง (ผู้เชี่ยวชาญ 1, 3)",,,,
51,P9.2,ด้านที่ 1 การวางแผน (Planning: P),ย่อย,"ควรเริ่มสร้างระบบบันทึกข้อมูลปริมาณวัตถุดิบรายวันอย่างเป็นระบบก่อน แล้วจึงนำมาพยากรณ์ความต้องการในอนาคต (Demand Planning) แทนการวางแผนแบบวันต่อวันที่ทำให้เกิดภาวะวัสดุล้นและขาดสลับกัน (ผู้เชี่ยวชาญ 2, 9)",,,,
52,P9.3,ด้านที่ 1 การวางแผน (Planning: P),ย่อย,"ควรพัฒนาการวางแผนกำลังการผลิตให้ยืดหยุ่นสอดคล้องกับปริมาณวัตถุดิบที่แปรผัน และเตรียมแผนรองรับกรณีแผนถูกรบกวนจากเหตุไม่คาดคิด เช่น รถเสีย คนลา เครื่องพัง (ผู้เชี่ยวชาญ 10, 20)",,,,
53,P10,ด้านที่ 1 การวางแผน (Planning: P),หลัก,"โรงงานมีการวางแผนรับมือสถานการณ์วิกฤตและการบริหารความเสี่ยงในระบบโลจิสติกส์และห่วงโซ่อุปทาน",,,,
54,P10.1,ด้านที่ 1 การวางแผน (Planning: P),ย่อย,"ควรวางแผนบริหารความเสี่ยงด้านราคาวัสดุที่ผันผวนอย่างเป็นระบบ เช่น การทำสัญญาราคาล่วงหน้ากับลูกค้า แทนการปล่อยให้เผชิญความเสี่ยงจากราคาตลาดโดยตรง (ผู้เชี่ยวชาญ 2, 9)",,,,
55,P10.2,ด้านที่ 1 การวางแผน (Planning: P),ย่อย,"ควรวางแผนบริหารความเสี่ยงให้ครอบคลุมทั้งด้านราคา ด้านซัพพลายวัตถุดิบ และด้านกฎหมาย เนื่องจากการขาดระบบบริหารความเสี่ยงที่ครอบคลุมทำให้เหตุการณ์ไม่คาดคิดส่งผลกระทบต่อธุรกิจรุนแรงกว่าที่ควร (ผู้เชี่ยวชาญ 20)",,,,
56,P10.3,ด้านที่ 1 การวางแผน (Planning: P),ย่อย,"ควรมีแผนรองรับความเสี่ยงจากปัจจัยภายนอกที่ควบคุมไม่ได้ เช่น ราคาตลาดโลกและนโยบายภาครัฐที่เปลี่ยนแปลงกะทันหัน เพื่อให้โรงงานปรับตัวได้ทันสถานการณ์ (ผู้เชี่ยวชาญ 8)",,,,
57,O1,ด้านที่ 2 การจัดการองค์การ (Organizing: O),หลัก,"โรงงานมีผังโครงสร้างองค์กรและระบบงานโลจิสติกส์ที่ชัดเจน ครอบคลุมฝ่ายรับวัสดุ ฝ่ายคัดแยก ฝ่ายจัดเก็บ และฝ่ายขนส่ง",,,,
58,O1.1,ด้านที่ 2 การจัดการองค์การ (Organizing: O),ย่อย,"โครงสร้างการบริหารในหลายโรงงานยังไม่ชัดเจน มีสายงานทับซ้อนและการตัดสินใจกระจุกตัวอยู่ที่เจ้าของคนเดียว ทำให้งานล่าช้าเมื่อผู้บริหารไม่อยู่ (ผู้เชี่ยวชาญ 1, 6)",,,,
59,O1.2,ด้านที่ 2 การจัดการองค์การ (Organizing: O),ย่อย,"ควรจัดโครงสร้างองค์กรให้มีการกระจายอำนาจตัดสินใจในระดับปฏิบัติการมากขึ้น เพื่อให้พนักงานหน้างานสามารถแก้ปัญหาเฉพาะหน้าได้โดยไม่ต้องรอผู้บริหาร (ผู้เชี่ยวชาญ 6)",,,,
60,O1.3,ด้านที่ 2 การจัดการองค์การ (Organizing: O),ย่อย,"ควรจัดแบ่งฝ่ายงานให้ชัดเจนระหว่างฝ่ายรับวัสดุ ฝ่ายคัดแยก ฝ่ายจัดเก็บ และฝ่ายขนส่ง พร้อมระบบสื่อสารเชื่อมโยงระหว่างฝ่าย เพื่อลดปัญหาการรับวัสดุเข้ามามากเกินกว่าจะคัดแยกทัน (ผู้เชี่ยวชาญ 5)",,,,
61,O2,ด้านที่ 2 การจัดการองค์การ (Organizing: O),หลัก,"โรงงานมีระบบบริหารทรัพยากรบุคคลที่เหมาะสม พัฒนาทักษะ และสร้างสมรรถนะด้านโลจิสติกส์ให้แก่บุคลากรอย่างต่อเนื่อง",,,,
62,O2.1,ด้านที่ 2 การจัดการองค์การ (Organizing: O),ย่อย,"ควรจัดให้มีการฝึกอบรมพนักงานอย่างเป็นระบบ โดยเฉพาะพนักงานที่สื่อสารยาก เช่น แรงงานต่างด้าว ผ่านการใช้ภาพประกอบและการประชุมเช้าประจำวัน เพื่อลดความผิดพลาดจากการสั่งงาน (ผู้เชี่ยวชาญ 1)",,,,
63,O2.2,ด้านที่ 2 การจัดการองค์การ (Organizing: O),ย่อย,"ควรจัดระบบถ่ายทอดความรู้จากพนักงานอาวุโสสู่พนักงานรุ่นใหม่อย่างเป็นทางการ เนื่องจากองค์ความรู้สำคัญมักอยู่ในตัวบุคคล หากไม่มีการถ่ายทอดจะสูญเสียเมื่อพนักงานลาออกหรือเกษียณ (ผู้เชี่ยวชาญ 9, 19)",,,,
64,O2.3,ด้านที่ 2 การจัดการองค์การ (Organizing: O),ย่อย,"ควรเตรียมพนักงานสำรองในตำแหน่งสำคัญและจ้างพนักงานพาร์ทไทม์ล่วงหน้าในช่วงเทศกาลที่มีความเสี่ยงขาดแคลนแรงงาน (ผู้เชี่ยวชาญ 2, 5)",,,,
65,O3,ด้านที่ 2 การจัดการองค์การ (Organizing: O),หลัก,"โรงงานมีการจัดการคลังสินค้าและพื้นที่จัดเก็บวัสดุรีไซเคิลให้สอดคล้องกับกิจกรรมโลจิสติกส์หลัก ทั้งการบริหารสินค้าคงคลัง (Inventory Management) และการจัดเก็บ (Warehousing & Storage)",,,,
66,O3.1,ด้านที่ 2 การจัดการองค์การ (Organizing: O),ย่อย,"ควรจัดแบ่งโซนพื้นที่จัดเก็บให้ชัดเจนตามประเภทวัสดุ พร้อมติดป้ายกำกับ เพื่อลดปัญหาการหยิบผิดหรือวัสดุปนกัน (ผู้เชี่ยวชาญ 1)",,,,
67,O3.2,ด้านที่ 2 การจัดการองค์การ (Organizing: O),ย่อย,"ควรจัดระบบคลังสินค้าแบบเข้าก่อนออกก่อน (FIFO) พร้อมระบบป้องกันความเสียหาย เช่น หลังคาคลังและระบบรักษาความปลอดภัย เพื่อลดวัสดุตกค้างเสื่อมคุณภาพและการสูญหาย (ผู้เชี่ยวชาญ 2, 3, 10)",,,,
68,O3.3,ด้านที่ 2 การจัดการองค์การ (Organizing: O),ย่อย,"ควรนำระบบ Barcode หรือ QR Code มาใช้ในการจัดการคลัง เพื่อให้การนับสต็อกรวดเร็วและแม่นยำขึ้นแทนการนับด้วยมือที่ใช้เวลาหลายวัน (ผู้เชี่ยวชาญ 9)",,,,
69,O4,ด้านที่ 2 การจัดการองค์การ (Organizing: O),หลัก,"โรงงานมีการจัดสรรและบริหารยานพาหนะขนส่ง เครื่องจักร และอุปกรณ์การจัดการวัสดุ (Material Handling) เพื่อเพิ่มประสิทธิภาพการปฏิบัติงาน",,,,
70,O4.1,ด้านที่ 2 การจัดการองค์การ (Organizing: O),ย่อย,"ควรจัดทำแผนบำรุงรักษาเชิงป้องกัน (Preventive Maintenance) ที่ชัดเจนแทนการซ่อมแซมเฉพาะหน้า เพื่อลดการหยุดทำงานของเครื่องจักรในช่วงที่มีปริมาณงานมาก (ผู้เชี่ยวชาญ 1)",,,,
71,O4.2,ด้านที่ 2 การจัดการองค์การ (Organizing: O),ย่อย,"ควรจัดสต็อกอะไหล่สำคัญไว้ล่วงหน้า โดยเฉพาะอะไหล่ที่ต้องสั่งจากต่างประเทศและใช้เวลานาน เพื่อลดระยะเวลาหยุดผลิตเมื่อเครื่องจักรเสีย (ผู้เชี่ยวชาญ 2)",,,,
72,O4.3,ด้านที่ 2 การจัดการองค์การ (Organizing: O),ย่อย,"ควรจัดสรรยานพาหนะขนส่งให้สอดคล้องกับปริมาณงาน และพิจารณาการใช้เที่ยวรถขากลับให้เกิดประโยชน์เพื่อเพิ่มประสิทธิภาพการใช้ทรัพยากรขนส่ง (ผู้เชี่ยวชาญ 10)",,,,
73,O5,ด้านที่ 2 การจัดการองค์การ (Organizing: O),หลัก,"โรงงานมีการจัดระบบเทคโนโลยีสารสนเทศโลจิสติกส์ ฐานข้อมูล และระบบติดตามการไหลของวัสดุและข้อมูลตลอดห่วงโซ่อุปทาน",,,,
74,O5.1,ด้านที่ 2 การจัดการองค์การ (Organizing: O),ย่อย,"ควรจัดให้มีระบบ Dashboard แบบ Real-time สำหรับผู้บริหาร แทนการรอรายงานจากแต่ละฝ่าย เพื่อให้ตัดสินใจได้รวดเร็วและแม่นยำขึ้น (ผู้เชี่ยวชาญ 9)",,,,
75,O5.2,ด้านที่ 2 การจัดการองค์การ (Organizing: O),ย่อย,"ควรจัดระบบบันทึกข้อมูลดิจิทัลแทนการบันทึกด้วยมือ ครอบคลุมข้อมูลการรับเข้า คุณภาพ และการขายออก เพื่อให้ค้นหาข้อมูลย้อนหลังได้ง่ายและลดความผิดพลาด (ผู้เชี่ยวชาญ 1, 4)",,,,
76,O5.3,ด้านที่ 2 การจัดการองค์การ (Organizing: O),ย่อย,"ควรเลือกใช้ระบบสำเร็จรูปที่ปรับแต่งได้หรือแพลตฟอร์มบนคลาวด์ แทนการพัฒนาระบบขึ้นใหม่ทั้งหมด เพื่อประหยัดต้นทุนและระยะเวลาในการติดตั้งใช้งาน (ผู้เชี่ยวชาญ 4, 16)",,,,
77,O6,ด้านที่ 2 การจัดการองค์การ (Organizing: O),หลัก,"โรงงานมีการพัฒนาองค์กรให้เป็นองค์กรแห่งการเรียนรู้ด้านเศรษฐกิจหมุนเวียน (BCG Economy Model) และโลจิสติกส์สีเขียว",,,,
78,O6.1,ด้านที่ 2 การจัดการองค์การ (Organizing: O),ย่อย,"ควรจัดกิจกรรมพัฒนาความรู้ด้านเศรษฐกิจหมุนเวียนให้พนักงานอย่างต่อเนื่อง เพื่อให้เข้าใจว่าแนวคิดนี้ตรงกับแก่นของธุรกิจโรงงานคัดแยกขยะโดยตรง (ผู้เชี่ยวชาญ 2, 4, 7, 13)",,,,
79,O6.2,ด้านที่ 2 การจัดการองค์การ (Organizing: O),ย่อย,"ควรพัฒนาคู่มือและเครื่องมือปฏิบัติจริงที่เหมาะกับโรงงานขนาดกลางถึงเล็ก เนื่องจากแนวคิด BCG ยังขาดเครื่องมือที่นำไปปฏิบัติได้จริงในระดับปฏิบัติการ (ผู้เชี่ยวชาญ 5, 9, 12, 16)",,,,
80,O7,ด้านที่ 2 การจัดการองค์การ (Organizing: O),หลัก,"โรงงานมีการจัดระบบบริหารความเสี่ยงและการปรับตัวต่อวิกฤตในห่วงโซ่อุปทาน",,,,
81,O7.1,ด้านที่ 2 การจัดการองค์การ (Organizing: O),ย่อย,"ควรจัดตั้งระบบบริหารความเสี่ยงที่ครอบคลุมทั้งด้านราคา ด้านซัพพลายวัตถุดิบ และด้านกฎหมาย ในระดับองค์กร ไม่ใช่แก้ปัญหาเฉพาะหน้าเมื่อเกิดเหตุการณ์ (ผู้เชี่ยวชาญ 20)",,,,
82,O7.2,ด้านที่ 2 การจัดการองค์การ (Organizing: O),ย่อย,"ควรจัดทำแผนสำรองรองรับการหยุดชะงักที่พบบ่อย เช่น รถเสีย คนลา เครื่องพัง เพื่อให้องค์กรปรับตัวได้ทันโดยไม่กระทบแผนงานหลัก (ผู้เชี่ยวชาญ 20)",,,,
83,O8,ด้านที่ 2 การจัดการองค์การ (Organizing: O),หลัก,"โรงงานมีการจัดระบบการตลาดและการบริหารความสัมพันธ์กับผู้ประกอบการตลอดห่วงโซ่อุปทาน",,,,
84,O8.1,ด้านที่ 2 การจัดการองค์การ (Organizing: O),ย่อย,"ควรจัดระบบรับข้อมูลความพึงพอใจจากลูกค้าปลายน้ำอย่างเป็นทางการ เนื่องจากโรงงานส่วนใหญ่ไม่ทราบว่าลูกค้าพอใจกับคุณภาพวัสดุที่ส่งไปหรือไม่ (ผู้เชี่ยวชาญ 8)",,,,
85,O8.2,ด้านที่ 2 การจัดการองค์การ (Organizing: O),ย่อย,"ควรจัดตั้งเครือข่ายความร่วมมือระหว่างโรงงานคัดแยกขยะชุมชนด้วยกัน เพื่อแลกเปลี่ยนข้อมูลและเพิ่มอำนาจต่อรองกับลูกค้าปลายน้ำ (ผู้เชี่ยวชาญ 9)",,,,
86,CM1,ด้านที่ 3 การสั่งการ (Commanding: CM),หลัก,"ผู้บริหารสั่งการและสื่อสารนโยบาย มาตรฐานการปฏิบัติงานโลจิสติกส์ และกฎระเบียบขององค์กร ให้พนักงานทุกระดับเข้าใจและปฏิบัติตามได้อย่างชัดเจน",,,,
87,CM1.1,ด้านที่ 3 การสั่งการ (Commanding: CM),ย่อย,"ผู้บริหารควรสื่อสารนโยบายและมาตรฐานการปฏิบัติงานให้พนักงานทุกระดับเข้าใจตรงกัน โดยเฉพาะพนักงานที่สื่อสารยาก ผ่านการประชุมสั้นประจำวันและสื่อภาพประกอบ (ผู้เชี่ยวชาญ 1)",,,,
88,CM1.2,ด้านที่ 3 การสั่งการ (Commanding: CM),ย่อย,"ควรปรับปรุงระบบรายงานข้อมูลจากหน้างานขึ้นสู่ผู้บริหารให้สม่ำเสมอและตรวจสอบได้แทนที่จะรอให้เกิดปัญหาก่อนจึงรับทราบ (ผู้เชี่ยวชาญ 3, 7)",,,,
89,CM2,ด้านที่ 3 การสั่งการ (Commanding: CM),หลัก,"ผู้บริหารสั่งการบริหารกระบวนการคัดแยก จำแนกประเภท และควบคุมคุณภาพวัสดุรีไซเคิลตามมาตรฐานที่กำหนด",,,,
90,CM2.1,ด้านที่ 3 การสั่งการ (Commanding: CM),ย่อย,"ควรกำหนดเกณฑ์การตรวจรับและคัดแยกวัสดุที่ชัดเจนเป็นมาตรฐานเดียวกัน แทนการปล่อยให้พนักงานหน้างานตัดสินใจเองซึ่งทำให้เกิดความไม่สม่ำเสมอ (ผู้เชี่ยวชาญ 1)",,,,
91,CM2.2,ด้านที่ 3 การสั่งการ (Commanding: CM),ย่อย,"ควรสั่งการให้มีจุดรับแยกเฉพาะสำหรับวัสดุอันตรายที่ปะปนมากับขยะทั่วไป เช่น หลอดไฟ แบตเตอรี่ เพื่อควบคุมคุณภาพและความปลอดภัยในกระบวนการ (ผู้เชี่ยวชาญ 3)",,,,
92,CM3,ด้านที่ 3 การสั่งการ (Commanding: CM),หลัก,"ผู้บริหารมีภาวะผู้นำที่ยึดหลักธรรมาภิบาล ความยุติธรรม และความรับผิดชอบต่อการตัดสินใจในกระบวนการโลจิสติกส์",,,,
93,CM3.1,ด้านที่ 3 การสั่งการ (Commanding: CM),ย่อย,"ผู้บริหารต้องมีวิสัยทัศน์ ความมุ่งมั่น และตัดสินใจบนพื้นฐานข้อมูลจริง พร้อมมีโครงสร้างการบริหารที่ชัดเจนและกระจายอำนาจการตัดสินใจอย่างเหมาะสม (ผู้เชี่ยวชาญ 1, 5, 17, 21)",,,,
94,CM3.2,ด้านที่ 3 การสั่งการ (Commanding: CM),ย่อย,"ธรรมาภิบาลในโรงงานขนาดกลางถึงเล็กควรเริ่มจากการมีกฎเกณฑ์ที่ชัดเจนและทุกคนถือปฏิบัติเหมือนกัน ไม่ใช่การตัดสินใจตามอารมณ์ของผู้บริหารเพียงคนเดียว เพื่อให้องค์กรเดินหน้าต่อได้แม้ผู้บริหารไม่อยู่ (ผู้เชี่ยวชาญ 2)",,,,
95,CM4,ด้านที่ 3 การสั่งการ (Commanding: CM),หลัก,"ผู้บริหารมีความสามารถตัดสินใจแก้ไขปัญหาเฉพาะหน้าในระบบโลจิสติกส์และห่วงโซ่อุปทานได้อย่างรวดเร็วและยืดหยุ่น",,,,
96,CM4.1,ด้านที่ 3 การสั่งการ (Commanding: CM),ย่อย,"ผู้บริหารระดับกลางควรมีทั้งความรู้ด้านโลจิสติกส์และทักษะการบริหารคนควบคู่กัน เนื่องจากปัญหาส่วนใหญ่พบว่าผู้บริหารเก่งเพียงด้านใดด้านหนึ่ง ทำให้แก้ปัญหาเฉพาะหน้าได้ไม่ครบถ้วน (ผู้เชี่ยวชาญ 21)",,,,
97,CM4.2,ด้านที่ 3 การสั่งการ (Commanding: CM),ย่อย,"ควรกระจายอำนาจตัดสินใจแก้ปัญหาเฉพาะหน้าให้พนักงานระดับปฏิบัติการมากขึ้น แทนการรอผู้จัดการอยู่เสมอซึ่งทำให้การแก้ปัญหาล่าช้า (ผู้เชี่ยวชาญ 6)",,,,
98,CM5,ด้านที่ 3 การสั่งการ (Commanding: CM),หลัก,"ผู้บริหารสั่งการด้านความปลอดภัยและสิ่งแวดล้อมตามมาตรฐาน GSCM พร้อมระบบกำกับติดตามที่มีประสิทธิภาพ",,,,
99,CM5.1,ด้านที่ 3 การสั่งการ (Commanding: CM),ย่อย,"ควรสั่งการให้มีระบบความปลอดภัยที่ครอบคลุมสำหรับพนักงานที่ทำงานกับวัสดุอันตราย เนื่องจากพบว่าพนักงานยังขาดทักษะด้านความปลอดภัยและระบบตรวจสอบย้อนหลังเมื่อเกิดเหตุ (ผู้เชี่ยวชาญ 4)",,,,
100,CM5.2,ด้านที่ 3 การสั่งการ (Commanding: CM),ย่อย,"ควรสั่งการให้บันทึกและรายงานข้อมูลด้านสิ่งแวดล้อมอย่างเป็นระบบ เช่น การปล่อยมลพิษ การใช้น้ำ เพื่อรองรับการตรวจสอบและป้องกันการถูกร้องเรียนจากชุมชน (ผู้เชี่ยวชาญ 2, 6)",,,,
101,CM6,ด้านที่ 3 การสั่งการ (Commanding: CM),หลัก,"ผู้บริหารใช้ข้อมูลจากระบบสารสนเทศโลจิสติกส์ ระบบ Dashboard และการติดตามแบบ Real-time ประกอบการตัดสินใจสั่งการ",,,,
102,CM6.1,ด้านที่ 3 การสั่งการ (Commanding: CM),ย่อย,"ผู้บริหารควรใช้ข้อมูลจากระบบ Dashboard แบบ Real-time ประกอบการสั่งการแทนการรอรายงานจากฝ่ายต่าง ๆ เพื่อให้ตัดสินใจได้รวดเร็วและแม่นยำขึ้น (ผู้เชี่ยวชาญ 9)",,,,
103,CM6.2,ด้านที่ 3 การสั่งการ (Commanding: CM),ย่อย,"การสั่งการที่มีประสิทธิภาพต้องอาศัยข้อมูลต้นทุนที่มองเห็นครบทุกส่วน แทนการแก้ปัญหาทีละจุดโดยไม่เห็นภาพรวม (ผู้เชี่ยวชาญ 21)",,,,
104,Co1,ด้านที่ 4 การประสานงาน (Coordinating: Co),หลัก,"โรงงานมีการประสานงานภายในองค์กรตลอดห่วงโซ่อุปทาน ระหว่างฝ่ายรับวัสดุ ฝ่ายคัดแยก ฝ่ายจัดเก็บ และฝ่ายขนส่ง เพื่อให้การไหลของวัสดุและข้อมูลดำเนินไปอย่างต่อเนื่อง",,,,
105,Co1.1,ด้านที่ 4 การประสานงาน (Coordinating: Co),ย่อย,"ควรปรับปรุงระบบแจ้งเตือนภายในระหว่างฝ่ายรับวัสดุกับฝ่ายคัดแยก เนื่องจากพบว่าฝ่ายรับวัสดุมักไม่แจ้งฝ่ายคัดแยกล่วงหน้า ทำให้ฝ่ายคัดแยกไม่ได้เตรียมคนและพื้นที่รองรับ (ผู้เชี่ยวชาญ 2, 5)",,,,
106,Co1.2,ด้านที่ 4 การประสานงาน (Coordinating: Co),ย่อย,"ควรจัดให้มีการหมุนเวียนงานและอบรมภาพรวมกระบวนการ เพื่อให้บุคลากรแต่ละฝ่ายเข้าใจว่างานของตนเชื่อมโยงกับฝ่ายอื่นอย่างไร ลดปัญหาการขาดความร่วมมือระหว่างฝ่าย (ผู้เชี่ยวชาญ 7)",,,,
107,Co2,ด้านที่ 4 การประสานงาน (Coordinating: Co),หลัก,"โรงงานมีการประสานความร่วมมือกับชุมชนต้นทางและหน่วยงานภาครัฐ เพื่อให้วัสดุรีไซเคิลมีคุณภาพและปริมาณสม่ำเสมอ",,,,
108,Co2.1,ด้านที่ 4 การประสานงาน (Coordinating: Co),ย่อย,"ควรประสานงานกับชุมชนและหน่วยงานท้องถิ่นอย่างต่อเนื่องเพื่อส่งเสริมการคัดแยกขยะตั้งแต่ต้นทาง เพราะคุณภาพวัตถุดิบที่รับเข้าส่งผลโดยตรงต่อประสิทธิภาพของโรงงาน (ผู้เชี่ยวชาญ 2, 5)",,,,
109,Co2.2,ด้านที่ 4 การประสานงาน (Coordinating: Co),ย่อย,"ควรร่วมมือกับองค์กรปกครองส่วนท้องถิ่นในพื้นที่ให้ราบรื่นขึ้น เพื่อให้ได้รับวัตถุดิบอย่างสม่ำเสมอ และเข้าถึงระบบฐานข้อมูลกลางด้านการจัดการขยะที่ภาครัฐพัฒนาขึ้น (ผู้เชี่ยวชาญ 1, 19)",,,,
110,Co3,ด้านที่ 4 การประสานงาน (Coordinating: Co),หลัก,"โรงงานมีการประสานงานกับผู้ประกอบการปลายน้ำและโรงงานรีไซเคิล เพื่อให้การส่งมอบวัสดุมีประสิทธิภาพและสร้างมูลค่าสูงสุด",,,,
111,Co3.1,ด้านที่ 4 การประสานงาน (Coordinating: Co),ย่อย,"ควรทำสัญญาและกำหนดข้อตกลงระดับการให้บริการ (SLA) ที่ชัดเจนกับผู้ให้บริการขนส่งและผู้ประกอบการปลายน้ำ เพื่อลดปัญหาการส่งมอบไม่ตรงเวลา (ผู้เชี่ยวชาญ 9)",,,,
112,Co3.2,ด้านที่ 4 การประสานงาน (Coordinating: Co),ย่อย,"ควรประสานงานเจรจาราคาร่วมกับผู้ประกอบการปลายน้ำผ่านการรวมกลุ่มเครือข่ายโรงงาน เพื่อเพิ่มอำนาจต่อรองและสร้างความสัมพันธ์ระยะยาว (ผู้เชี่ยวชาญ 9)",,,,
113,Co4,ด้านที่ 4 การประสานงาน (Coordinating: Co),หลัก,"โรงงานมีการใช้แพลตฟอร์มดิจิทัลในการประสานงานและติดตามการขนส่งตลอดห่วงโซ่อุปทาน",,,,
114,Co4.1,ด้านที่ 4 การประสานงาน (Coordinating: Co),ย่อย,"ควรนำแพลตฟอร์มติดตามรถขนส่งมาใช้ช่วยวางแผนและประสานเส้นทางล่วงหน้า แทนการขับตามความเคยชินที่ทำให้รถวิ่งไม่เต็มประสิทธิภาพ (ผู้เชี่ยวชาญ 1, 2)",,,,
115,Co4.2,ด้านที่ 4 การประสานงาน (Coordinating: Co),ย่อย,"ควรใช้ระบบดิจิทัลประสานงานกับผู้ให้บริการขนส่งภายนอกให้ตรงเวลาและมีการแจ้งล่วงหน้า แทนระบบที่พึ่งพาการติดต่อสื่อสารแบบไม่เป็นทางการ (ผู้เชี่ยวชาญ 9)",,,,
116,Co5,ด้านที่ 4 การประสานงาน (Coordinating: Co),หลัก,"โรงงานมีการสร้างความร่วมมือกับผู้มีส่วนได้ส่วนเสียทุกภาคส่วน เพื่อขับเคลื่อนเศรษฐกิจหมุนเวียน (Circular Economy)",,,,
117,Co5.1,ด้านที่ 4 การประสานงาน (Coordinating: Co),ย่อย,"การขับเคลื่อนเศรษฐกิจหมุนเวียนให้เกิดผลจริงต้องประสานความร่วมมือกับทุกภาคส่วนในห่วงโซ่อุปทาน ไม่ใช่ให้โรงงานดำเนินการเพียงลำพัง ต้องอาศัยชุมชนต้นทาง ลูกค้าปลายน้ำ และนโยบายรัฐที่สนับสนุนร่วมกัน (ผู้เชี่ยวชาญ 2, 15, 21)",,,,
118,Co5.2,ด้านที่ 4 การประสานงาน (Coordinating: Co),ย่อย,"ควรประสานงานกับชุมชนและหน่วยงานท้องถิ่นเพื่อส่งเสริมการคัดแยกที่ต้นทาง ควบคู่กับการสร้างระบบข้อมูลพื้นฐานร่วมกัน เพื่อพัฒนาไปสู่การวิเคราะห์และปรับปรุงกระบวนการตามแนวคิดเศรษฐกิจหมุนเวียนอย่างเป็นระบบ (ผู้เชี่ยวชาญ 4, 21)",,,,
119,CT1,ด้านที่ 5 การควบคุมงาน (Controlling: CT),หลัก,"โรงงานมีการควบคุมและติดตามการดำเนินงานโลจิสติกส์ด้วยตัวชี้วัด KPI",,,,
120,CT1.1,ด้านที่ 5 การควบคุมงาน (Controlling: CT),ย่อย,"ควรพัฒนาระบบตัวชี้วัด (KPI) ที่ใช้งานได้จริงในการติดตามผลการดำเนินงาน แทนการบริหารด้วยประสบการณ์ของผู้บริหารเพียงอย่างเดียวโดยไม่มีข้อมูลประกอบ (ผู้เชี่ยวชาญ 2)",,,,
121,CT1.2,ด้านที่ 5 การควบคุมงาน (Controlling: CT),ย่อย,"ควรกำหนดตัวชี้วัดด้านสิ่งแวดล้อมที่วัดผลได้เป็นรูปธรรม เช่น ปริมาณวัสดุที่นำกลับมาใช้ประโยชน์ต่อเดือน หรือปริมาณที่ลดการฝังกลบ เพื่อใช้รายงานต่อหน่วยงานท้องถิ่นและลูกค้า (ผู้เชี่ยวชาญ 1)",,,,
122,CT2,ด้านที่ 5 การควบคุมงาน (Controlling: CT),หลัก,"โรงงานมีการควบคุมคุณภาพวัสดุรีไซเคิลตลอดห่วงโซ่อุปทาน ทั้งการรับเข้า การคัดแยก และการส่งออก",,,,
123,CT2.1,ด้านที่ 5 การควบคุมงาน (Controlling: CT),ย่อย,"ควรกำหนดเกณฑ์การตรวจรับวัสดุที่ชัดเจนและใช้บังคับเป็นมาตรฐานเดียวกันทุกจุดรับ เพื่อลดความไม่สม่ำเสมอของคุณภาพวัตถุดิบที่รับเข้าในแต่ละวัน (ผู้เชี่ยวชาญ 1)",,,,
124,CT2.2,ด้านที่ 5 การควบคุมงาน (Controlling: CT),ย่อย,"ควรตรวจสอบคุณภาพวัสดุก่อนส่งมอบให้ลูกค้าปลายน้ำทุกครั้ง เพื่อลดปัญหาการถูกส่งคืนและรักษาความน่าเชื่อถือในระยะยาว (ผู้เชี่ยวชาญ 5, 10, 16)",,,,
125,CT3,ด้านที่ 5 การควบคุมงาน (Controlling: CT),หลัก,"โรงงานมีการควบคุมต้นทุนโลจิสติกส์และประสิทธิภาพการใช้ทรัพยากรองค์กร (4M) เพื่อลดความสูญเสียในกระบวนการ",,,,
126,CT3.1,ด้านที่ 5 การควบคุมงาน (Controlling: CT),ย่อย,"ควรควบคุมและวัดต้นทุนแฝงที่มักถูกมองข้าม เช่น ต้นทุนเวลาที่สูญเสียจากกระบวนการไม่มีประสิทธิภาพ และต้นทุนพลังงานที่ยังไม่ได้วัดผลอย่างจริงจัง (ผู้เชี่ยวชาญ 3, 7)",,,,
127,CT3.2,ด้านที่ 5 การควบคุมงาน (Controlling: CT),ย่อย,"ควรควบคุมต้นทุนด้วยการมองเห็นข้อมูลต้นทุนจริงครบทุกส่วน เพื่อบริหารจัดการอย่างเป็นระบบ แทนการแก้ปัญหาต้นทุนทีละจุดแบบที่ทำอยู่ในปัจจุบัน (ผู้เชี่ยวชาญ 21)",,,,
128,CT4,ด้านที่ 5 การควบคุมงาน (Controlling: CT),หลัก,"โรงงานมีการควบคุมด้านสิ่งแวดล้อมตามหลัก Green Supply Chain Management (GSCM) การปฏิบัติตามกฎหมาย และการรายงานผลกระทบด้านสิ่งแวดล้อม",,,,
129,CT4.1,ด้านที่ 5 การควบคุมงาน (Controlling: CT),ย่อย,"ควรควบคุมและติดตามการปฏิบัติตามกฎระเบียบสิ่งแวดล้อมอย่างเคร่งครัด เพื่อป้องกันค่าปรับจากการตรวจพบการปล่อยน้ำเสียหรือกลิ่นรบกวนชุมชน (ผู้เชี่ยวชาญ 6)",,,,
130,CT4.2,ด้านที่ 5 การควบคุมงาน (Controlling: CT),ย่อย,"ควรจัดทำระบบรายงานผลกระทบด้านสิ่งแวดล้อมที่โปร่งใสตรวจสอบได้ เพื่อรองรับมาตรฐานสากลและสร้างความเชื่อมั่นให้ผู้มีส่วนได้ส่วนเสีย (ผู้เชี่ยวชาญ 11, 15)",,,,
131,CT5,ด้านที่ 5 การควบคุมงาน (Controlling: CT),หลัก,"โรงงานมีการใช้เทคโนโลยีดิจิทัล ระบบ Dashboard แบบ Real-time และการวิเคราะห์ข้อมูล Big Data เพื่อควบคุมและตรวจสอบย้อนกลับการดำเนินงาน (Traceability)",,,,
132,CT5.1,ด้านที่ 5 การควบคุมงาน (Controlling: CT),ย่อย,"ควรพัฒนาระบบตรวจสอบย้อนกลับ (Traceability) ที่บันทึกและติดตามที่มา กระบวนการจัดการ และปลายทางของวัสดุได้ตลอดห่วงโซ่อุปทาน เพื่อออกเอกสารรับรองที่น่าเชื่อถือ (ผู้เชี่ยวชาญ 11, 15)",,,,
133,CT5.2,ด้านที่ 5 การควบคุมงาน (Controlling: CT),ย่อย,"ควรนำระบบ Dashboard แบบ Real-time มาใช้ควบคุมและติดตามผลการดำเนินงาน เพื่อให้ผู้บริหารเห็นสถานการณ์ปัจจุบันได้ทันทีแทนการรอรายงานจากแต่ละฝ่าย (ผู้เชี่ยวชาญ 9)",,,,
